Filename,Description
./audio_clips//MC Quakez - Fire In The Booth-1022.4.mp3,mans got blue eyes
./audio_clips//MC Quakez - Fire In The Booth-1024.4.mp3,turquoise thing
./audio_clips//MC Quakez - Fire In The Booth-1029.4.mp3,rainbow eyes
./audio_clips//MC Quakez - Fire In The Booth-1307.5.mp3,hadooken
./audio_clips//MC Quakez - Fire In The Booth-507.mp3,i dont really like how ur treating me fam
./audio_clips//MC Quakez - Fire In The Booth-516.mp3,i heard ur looking for cinnamon
./audio_clips//MC Quakez - Fire In The Booth-524.mp3,i took off his jacket
./audio_clips//MC Quakez - Fire In The Booth-530.25.mp3,this is big shaq
./audio_clips//MC Quakez - Fire In The Booth-535.2.mp3,man said squatteded up
./audio_clips//MC Quakez - Fire In The Booth-537.9.mp3,assknee
./audio_clips//MC Quakez - Fire In The Booth-545.mp3,i mean charles (sorry)
./audio_clips//MC Quakez - Fire In The Booth-556.8.mp3,boom mans got bars fam
./audio_clips//MC Quakez - Fire In The Booth-559.1.mp3,cmon bruv
./audio_clips//MC Quakez - Fire In The Booth-569.7.mp3,mans been ready
./audio_clips//MC Quakez - Fire In The Booth-581.mp3,its the zoobe
./audio_clips//MC Quakez - Fire In The Booth-582.mp3,its the bbc bro
./audio_clips//MC Quakez - Fire In The Booth-584.mp3,whats that bbc?
./audio_clips//MC Quakez - Fire In The Booth-596.mp3,get me a man fork
./audio_clips//MC Quakez - Fire In The Booth-602.mp3,aight boom
./audio_clips//MC Quakez - Fire In The Booth-616.3.mp3,ur saying it like a turkish dog
./audio_clips//MC Quakez - Fire In The Booth-620.2.mp3,ammmmmaaaaaaahhh
./audio_clips//MC Quakez - Fire In The Booth-625.2.mp3,man did english language
./audio_clips//MC Quakez - Fire In The Booth-635.mp3,cmon i was born ready
./audio_clips//MC Quakez - Fire In The Booth-638.6.mp3,ok
./audio_clips//MC Quakez - Fire In The Booth-640.mp3,uh boom
./audio_clips//MC Quakez - Fire In The Booth-641.6.mp3,big shaq
./audio_clips//MC Quakez - Fire In The Booth-643.mp3,old time half sneeze
./audio_clips//MC Quakez - Fire In The Booth-644.9.mp3,skoot noo
./audio_clips//MC Quakez - Fire In The Booth-646.4.mp3,rat noo
./audio_clips//MC Quakez - Fire In The Booth-647.5.mp3,oosna
./audio_clips//MC Quakez - Fire In The Booth-649.mp3,hold the tight the gel in em aswell
./audio_clips//MC Quakez - Fire In The Booth-651.9.mp3,2 plus 2 is 4
./audio_clips//MC Quakez - Fire In The Booth-653.6.mp3,minus 1 thats 3
./audio_clips//MC Quakez - Fire In The Booth-654.7.mp3,quick maths
./audio_clips//MC Quakez - Fire In The Booth-655.7.mp3,everday mans on the blokc
./audio_clips//MC Quakez - Fire In The Booth-657.4.mp3,smoke trees
./audio_clips//MC Quakez - Fire In The Booth-659.2.mp3,see ur girl in the park
./audio_clips//MC Quakez - Fire In The Booth-660.9.mp3,that girl is uckers
./audio_clips//MC Quakez - Fire In The Booth-662.6.mp3,when the tin man quack quack quack
./audio_clips//MC Quakez - Fire In The Booth-664.4.mp3,u man were ducking
./audio_clips//MC Quakez - Fire In The Booth-666.4.mp3,hold tight ass knee
./audio_clips//MC Quakez - Fire In The Booth-668.3.mp3,hes got the pompeii
./audio_clips//MC Quakez - Fire In The Booth-670.1.mp3,hold tight my man
./audio_clips//MC Quakez - Fire In The Booth-671.9.mp3,whos got a frisbee?
./audio_clips//MC Quakez - Fire In The Booth-673.3.mp3,i trap trap trap on the road
./audio_clips//MC Quakez - Fire In The Booth-675.mp3,moving that cornflakes
./audio_clips//MC Quakez - Fire In The Booth-677.4.mp3,rice krispie
./audio_clips//MC Quakez - Fire In The Booth-678.7.mp3,old timer my girl whitney (houston)
./audio_clips//MC Quakez - Fire In The Booth-679.9.mp3,perfect
./audio_clips//MC Quakez - Fire In The Booth-680.6.mp3,on the roll doing 10 toes
./audio_clips//MC Quakez - Fire In The Booth-682.4.mp3,llama toes
./audio_clips//MC Quakez - Fire In The Booth-683.9.mp3,u man thought i froze
./audio_clips//MC Quakez - Fire In The Booth-685.3.mp3,i see a penguin then i pose
./audio_clips//MC Quakez - Fire In The Booth-687.3.mp3,if shes not on it i ghost
./audio_clips//MC Quakez - Fire In The Booth-689.1.mp3,ha look at ur nose
./audio_clips//MC Quakez - Fire In The Booth-690.9.mp3,pardon?
./audio_clips//MC Quakez - Fire In The Booth-691.6.mp3,u dickhead
./audio_clips//MC Quakez - Fire In The Booth-694.3.mp3,nose like garden hose
./audio_clips//MC Quakez - Fire In The Booth-696.2.mp3,ssssssshhhhhh
./audio_clips//MC Quakez - Fire In The Booth-697.4.mp3,u get me?
./audio_clips//MC Quakez - Fire In The Booth-699.mp3,mans gonna come back in
./audio_clips//MC Quakez - Fire In The Booth-703.7.mp3,pls dont get shook
./audio_clips//MC Quakez - Fire In The Booth-709.1.mp3,hop out the 4 door with a 44
./audio_clips//MC Quakez - Fire In The Booth-710.8.mp3,it goes 1 2 3 and 4
./audio_clips//MC Quakez - Fire In The Booth-712.7.mp3,chilling in a corridor
./audio_clips//MC Quakez - Fire In The Booth-714.1.mp3,ur dads 44
./audio_clips//MC Quakez - Fire In The Booth-716.1.mp3,and he still called a man full of drawers
./audio_clips//MC Quakez - Fire In The Booth-723.2.mp3,take my twix by force
./audio_clips//MC Quakez - Fire In The Booth-725.mp3,send my shock by forbes
./audio_clips//MC Quakez - Fire In The Booth-729.mp3,no ketchup
./audio_clips//MC Quakez - Fire In The Booth-730.5.mp3,just sauce
./audio_clips//MC Quakez - Fire In The Booth-730.5.mp3,raw sauce
./audio_clips//MC Quakez - Fire In The Booth-737.3.mp3,what we all came here for
./audio_clips//MC Quakez - Fire In The Booth-738.9.mp3,pppp kakak
./audio_clips//MC Quakez - Fire In The Booth-741.mp3,skiddy pe papap
./audio_clips//MC Quakez - Fire In The Booth-742.6.mp3,and the poodoopooboom
./audio_clips//MC Quakez - Fire In The Booth-745.mp3,skriaa
./audio_clips//MC Quakez - Fire In The Booth-746.mp3,doo doo coo doo doo
./audio_clips//MC Quakez - Fire In The Booth-748.3.mp3,poompoom
./audio_clips//MC Quakez - Fire In The Booth-750.4.mp3,u done no
./audio_clips//MC Quakez - Fire In The Booth-754.6.mp3,fire in the booth
./audio_clips//MC Quakez - Fire In The Booth-758.7.mp3,i tell ya mans not thot
./audio_clips//MC Quakez - Fire In The Booth-761.7.mp3,the girl tried to take off my jacket
./audio_clips//MC Quakez - Fire In The Booth-763.7.mp3,i said babes MANS NOT HOT
./audio_clips//MC Quakez - Fire In The Booth-767.5.mp3,man can never be hot
./audio_clips//MC Quakez - Fire In The Booth-769.5.mp3,persperation ting
./audio_clips//MC Quakez - Fire In The Booth-771.5.mp3,lynx effect
./audio_clips//MC Quakez - Fire In The Booth-776.8.mp3,u look a bit hot eeee
./audio_clips//MC Quakez - Fire In The Booth-780.mp3,man dont make jokes with me
./audio_clips//MC Quakez - Fire In The Booth-796.8.mp3,why did u let rs take ur jacket?
./audio_clips//MC Quakez - Fire In The Booth-810.mp3,ur tryna cause the conspi...
./audio_clips//MC Quakez - Fire In The Booth-915.6.mp3,u no who i am?
./audio_clips//MC Quakez - Fire In The Booth-916.6.mp3,yes
./audio_clips//MC Quakez - Fire In The Booth-917.mp3,u no who i roll with?
./audio_clips//MC Quakez - Fire In The Booth-918.5.mp3,i no who u are
./audio_clips//MC Quakez - Fire In The Booth-920.5.mp3,u no my section?
./audio_clips//MC Quakez - Fire In The Booth-922.5.mp3,eeee no
./audio_clips//MC Quakez - Fire In The Booth-923.5.mp3,man dont start bif
./audio_clips//MC Quakez - Fire In The Booth-925.mp3,ill lick off ur el quifee if u dare me
./audio_clips//MC Quakez - Fire In The Booth-929.mp3,spanish dons tryna treat me like an el dickhead
./audio_clips//MC Quakez - Fire In The Booth-953.7.mp3,hes got the quif that can get lifted
./audio_clips//MC Quakez - Fire In The Booth-969.mp3,u no where it is
./audio_clips//MC Quakez - Fire In The Booth-978.5.mp3,im gonna post the pampers soon
